{"global_id": {"sample_type_term_id": 0.07844526320695877, "global_id": 0.07816305011510849, "sample_type_term_label": 0.07534429430961609}, "local_id": {"species_name": 0.07114444673061371, "sample_type_term_id": 0.07000533491373062, "species_id": 0.06786981970071793}, "species_id": {"species_id": 0.212083101272583, "species_name": 0.10241866856813431, "sample_type_summary": 0.07075617462396622}, "species_name": {"species_name": 0.2730494439601898, "donor_health_status": 0.11316971480846405, "local_id": 0.10423468798398972}, "donor_age": {"donor_age": 0.1129138171672821, "donor_ethnicity": 0.09207088500261307, "donor_id": 0.08492343127727509}, "donor_ethnicity": {"donor_ethnicity": 0.12007207423448563, "donor_id": 0.09401186555624008, "local_id": 0.07604683935642242}, "donor_health_status": {"donor_health_status": 0.14341045916080475, "species_name": 0.12030130624771118, "phenotype_term_label": 0.09028138220310211}, "donor_id": {"local_id": 0.08719789981842041, "donor_sex": 0.07452613115310669, "sample_type_term_label": 0.07097864151000977}, "donor_sex": {"donor_sex": 0.13169646263122559, "species_id": 0.09675680845975876, "species_name": 0.08532878756523132}, "biospecimen_class_term_id": {"sample_type_term_id": 0.21519191563129425, "global_id": 0.14359931647777557, "species_id": 0.09169802069664001}, "biospecimen_class_term_label": {"biospecimen_class_term_label": 0.10325760394334793, "species_name": 0.10102305561304092, "donor_health_status": 0.09233081340789795}, "sample_type_term_id": {"sample_type_term_id": 0.1833072006702423, "phenotype_term_id": 0.12079551070928574, "local_id": 0.09965774416923523}, "sample_type_term_label": {"species_id": 0.12768474221229553, "sample_type_summary": 0.1248791292309761, "sample_type_term_label": 0.09065015614032745}, "sample_type_summary": {"sample_type_summary": 0.1818128228187561, "species_id": 0.10440583527088165, "sample_type_term_label": 0.08376633375883102}, "phenotype_term_id": {"phenotype_term_id": 0.1702500730752945, "sample_type_term_id": 0.11043882369995117, "global_id": 0.10780775547027588}, "phenotype_term_label": {"species_name": 0.11435028910636902, "phenotype_term_label": 0.11078723520040512, "local_id": 0.09818203002214432}}