{"file": {"file": 0.4472033381462097, "Assay": 0.17354682087898254, "URL": 0.1440172791481018}, "Assay": {"Assay": 0.504115104675293, "file": 0.1502562165260315, "URL": 0.13063322007656097}, "URL": {"URL": 0.5139274597167969, "Assay": 0.1730763018131256, "file": 0.15115350484848022}, "Organism": {"Organism": 0.4296548068523407, "Assay": 0.17963826656341553, "file": 0.17838217318058014}, "Sample ID": {"Sample ID": 0.4404698312282562, "Assay": 0.21819356083869934, "file": 0.12678591907024384}}