{"global_id": {"global_id": 0.13231298327445984, "donor_id": 0.08362522721290588, "biospecimen_class_term_id": 0.07532263547182083}, "local_id": {"donor_ethnicity": 0.06717148423194885, "species_name": 0.06606678664684296, "biospecimen_class_term_id": 0.06559431552886963}, "species_id": {"donor_age": 0.11283425986766815, "local_id": 0.09359921514987946, "species_id": 0.08122521638870239}, "species_name": {"donor_age": 0.1366397887468338, "species_name": 0.09379006922245026, "global_id": 0.08758499473333359}, "donor_age": {"donor_age": 0.1475394368171692, "species_id": 0.0881887823343277, "biospecimen_class_term_id": 0.08440781384706497}, "donor_ethnicity": {"donor_ethnicity": 0.1192265972495079, "donor_sex": 0.10889414697885513, "biospecimen_class_term_id": 0.09036800265312195}, "donor_health_status": {"local_id": 0.08371330052614212, "donor_id": 0.07889878749847412, "sample_type_term_id": 0.07877186685800552}, "donor_id": {"donor_id": 0.09223897755146027, "biospecimen_class_term_id": 0.08242808282375336, "global_id": 0.07192441076040268}, "donor_sex": {"donor_sex": 0.20321348309516907, "donor_ethnicity": 0.08251772820949554, "global_id": 0.07826759666204453}, "biospecimen_class_term_id": {"biospecimen_class_term_id": 0.4407718777656555, "biospecimen_class_term_label": 0.09436413645744324, "donor_id": 0.09429913759231567}, "biospecimen_class_term_label": {"local_id": 0.08388710021972656, "biospecimen_class_term_label": 0.08387579768896103, "donor_sex": 0.07019948214292526}, "sample_type_term_id": {"biospecimen_class_term_id": 0.2006414383649826, "sample_type_term_id": 0.1518966406583786, "local_id": 0.0865965262055397}, "sample_type_term_label": {"sample_type_term_label": 0.1933579444885254, "phenotype_term_label": 0.10338983684778214, "donor_ethnicity": 0.08921907097101212}, "sample_type_summary": {"sample_type_term_label": 0.10885298252105713, "donor_ethnicity": 0.0876508504152298, "sample_type_summary": 0.08235511183738708}, "phenotype_term_id": {"biospecimen_class_term_id": 0.20987087488174438, "phenotype_term_id": 0.1259486973285675, "sample_type_term_id": 0.08272168785333633}, "phenotype_term_label": {"phenotype_term_label": 0.1328238993883133, "donor_sex": 0.10476744174957275, "local_id": 0.07767043262720108}}