{"global_id": {"global_id": 0.6994065642356873, "donor_id": 0.03629191592335701, "species_name": 0.03314122557640076}, "local_id": {"donor_ethnicity": 0.07634560763835907, "phenotype_term_id": 0.07144416868686676, "global_id": 0.07023494690656662}, "species_id": {"species_id": 0.7765891551971436, "donor_id": 0.06143486499786377, "biospecimen_class_term_label": 0.0415426567196846}, "species_name": {"species_name": 0.9669607877731323, "donor_sex": 0.011985521763563156, "global_id": 0.006071004085242748}, "donor_age": {"donor_age": 0.43196889758110046, "donor_sex": 0.09021863341331482, "species_name": 0.07622551172971725}, "donor_ethnicity": {"donor_ethnicity": 0.6758641600608826, "global_id": 0.07093033194541931, "donor_id": 0.03154831379652023}, "donor_health_status": {"donor_health_status": 0.6422557830810547, "biospecimen_class_term_label": 0.0663779079914093, "sample_type_summary": 0.054635319858789444}, "donor_id": {"donor_id": 0.41547009348869324, "donor_ethnicity": 0.07369490712881088, "species_id": 0.061306215822696686}, "donor_sex": {"donor_sex": 0.7320424914360046, "biospecimen_class_term_label": 0.03433958813548088, "global_id": 0.025806663557887077}, "biospecimen_class_term_id": {"biospecimen_class_term_id": 0.6829134225845337, "phenotype_term_id": 0.16961432993412018, "sample_type_term_id": 0.12369842082262039}, "biospecimen_class_term_label": {"biospecimen_class_term_label": 0.4831942617893219, "donor_ethnicity": 0.07139341533184052, "global_id": 0.06773348152637482}, "sample_type_term_id": {"sample_type_term_id": 0.6849573254585266, "phenotype_term_id": 0.16656777262687683, "biospecimen_class_term_id": 0.11936219036579132}, "sample_type_term_label": {"sample_type_summary": 0.29586297273635864, "sample_type_term_label": 0.24388737976551056, "donor_sex": 0.08742771297693253}, "sample_type_summary": {"sample_type_summary": 0.31471580266952515, "sample_type_term_label": 0.22455066442489624, "donor_sex": 0.08925855904817581}, "phenotype_term_id": {"phenotype_term_id": 0.6365931630134583, "sample_type_term_id": 0.20719826221466064, "biospecimen_class_term_id": 0.11253512650728226}, "phenotype_term_label": {"phenotype_term_label": 0.47157227993011475, "biospecimen_class_term_label": 0.11171744763851166, "donor_health_status": 0.08899733424186707}}